project_energy_type,process_type,n,median_days,median_months,p25_months,p75_months
Clean,CE,8485,18,0.5913272010512484,0.164257555847569,2.9566360052562417
Clean,EA,187,294,9.658344283837057,3.367279894875164,17.230617608409986
Clean,EIS,156,965,31.70170827858081,15.629106438896187,50.895203679369246
Fossil,CE,4606,26,0.8541392904073587,0.22996057818659657,3.1537450722733245
Fossil,EA,725,39,1.281208935611038,0.6898817345597897,3.2851511169513796
Fossil,EIS,161,1062,34.88830486202365,17.444152431011826,60.906701708278575
Other,CE,11707,17,0.5584756898817346,0.22996057818659657,1.7082785808147174
Other,EA,599,175,5.7490144546649145,2.4802890932982917,14.060446780551906
Other,EIS,382,910,29.894875164257556,11.76084099868594,64.38896189224704
