"example_id","suggested_class","example_role","pattern_status","pattern_family","project_id","project_title","lead_agency","document_title","page_number","snippet","notes"
"funding_001","federal_funding","positive","include","loan_guarantee","3153f73d56c98c8ccf40db525981fe01","California Valley Solar Ranch Project","Department of Energy","FINAL ENVIRONMENTAL ASSESSMENT Volume I for Department of Energy Loan Guarantee to High Plains II LLC for the California Valley Solar Ranch Project","Page-1","FINAL ENVIRONMENTAL ASSESSMENT Volume I for Department of Energy Loan Guarantee to High Plains II LLC for the California Valley Solar Ranch Project.","Clean title-page loan guarantee anchor."
"funding_002","federal_funding","positive","include","cooperative_agreement_partial_fund","77eb1b37de8501f37cc21e7990aff341","Honeywell International Inc Electric Drive Vehicle Battery and Component Manufacturing Initiative Project","Department of Energy","Final Environmental Assessment For Honeywell International Inc Electric Drive Vehicle Battery and Component Manufacturing Initiative Project Massac County IL","Page-3","The U.S. Department of Energy (DOE) proposes, through a cooperative agreement with Honeywell International Inc. (Honeywell), to partially fund the construction of a manufacturing plant to produce a critical battery material.","Strong cooperative-agreement plus partial-funding language."
"funding_003","federal_funding","positive","include","financial_assistance_under_cooperative_agreement","00b2f4e33f9e91f7ffe1401338859099","Proposed Development and Demonstration of a Biomass Energy Center for Food Processing Applications Topeka Kansas","Department of Energy","PROPOSED DEVELOPMENT AND DEMONSTRATION OF A BIOMASS ENERGY CENTER FOR FOOD PROCESSING APPLICATIONS FINAL ENVIRONMENTAL ASSESSMENT","Page-3","The DOE proposed action is providing financial assistance to Burns & McDonnell Engineering under a cooperative agreement.","Clean financial-assistance formulation tied to a cooperative agreement."
"funding_004","federal_funding","positive","include","doe_cost_share_award","251d4f28-0319-d49b-7044-ccb53c78e79d","1366 Project Silicon Reclaiming US Silicon PV Leadership","Department of Energy","NEPA Determination","1-2","DOE Funding = $6,999,959; Cost Share = $20,999,876; Total Project Cost = $27,999,835.","Useful structured award language with explicit federal and non-federal shares."
"funding_005","federal_funding","positive","include","provide_federal_funding","f5f17760-cb4b-6fb3-2d6c-b0bb1d393c58","The Diablo Regional Distributed Solar Energy Generation Expedited Permit Process","Department of Energy","NEPA Determination","1-1","DOE is proposing to provide federal funding to the Contra Costa Economic Partnership.","Direct project-specific funding statement."
"funding_006","federal_funding","positive","include","awarding_a_grant_partial_fund","27d03679e2b81045ab2f54d347ee5a41","Lithium-Ion Battery Recycling to Produce Battery-Grade Raw Materials","Department of Energy","FINDING OF NO SIGNIFICANT IMPACT FOR LITHIUM-ION BATTERY RECYCLING TO PRODUCE BATTERY-GRADE RAW MATERIALS","Page-1","DOE determined that its proposed action, awarding a grant to Cirba Solutions to partially fund the expansion of its existing lithium-ion battery recycling facility, would result in no significant adverse impacts.","Good modern grant-to-partially-fund phrasing."
"funding_007","federal_funding","positive","include","cost_shared_arrangement","5aa87fb6b55b8548dc980edcbc20a84a","Sila Nanotechnologies Moses Lake Auto-Scale Silicon Anode Plant","Department of Energy","DRAFT ENVIRONMENTAL ASSESSMENT SILA NANOTECHNOLOGIES MOSES LAKE AUTO-SCALE SILICON ANODE PLANT","Page-2","DOE's proposed action is to provide $100 million of the project's total award value of $611 million in a cost-shared arrangement.","Modern award language worth preserving as its own pattern family."
"funding_008","federal_funding","positive","include","federal_cost_share","175c499418ed1425e32b0f99352c0afb","The Plasma Low-Cost Ultra Sustainable Cathode Active Material PlusCAM Project","Department of Energy","THE PLASMA LOW-COST ULTRA SUSTAINABLE CATHODE ACTIVE MATERIAL PlusCAM PROJECT FINAL ENVIRONMENTAL ASSESSMENT","Page-4","DOE's action is to provide 6K with a $50,000,000 Federal Cost Share towards a $177,808,345 Total Project Value.","Clean federal cost-share terminology."
"funding_009","federal_funding","positive","include","eecbg_funding","861a255e-24f1-8c37-c0da-efd3c104a3fb","EECBG Electric Vehicle Pilot in County Fleet","Department of Energy","NEPA DETERMINATION","1-1","The County of Arlington in Virginia is proposing to use DOE EECBG funding in the amount of $28,985 to offset the purchase of a Chevy Volt electric vehicle for their fleet.","Useful EECBG formula-funding example."
"funding_010","federal_funding","positive","include","formula_based_grants","5d988327-5b0c-2e21-8c87-12c04a3f2cb5","Cheyenne and Arapaho Tribes of OK Energy Efficiency and Conservation Strategies","Department of Energy","NEPA Determination for the Energy Efficiency and Conservation Block Grant Program","1-2","The American Recovery and Reinvestment Act appropriates funding for DOE to issue formula-based grants to states, territories, units of local government, and Indian tribes under the Energy Efficiency and Conservation Block Grant Program.","Keep as a language example even though ARRA itself is not a live trigger rule."
"funding_011","federal_funding","positive","include","formula_awards_alrd","41221171-9f91-03e3-9a76-e3c449007915","State Energy Program Program Year 2023 Formula Awards Administrative and Legal Requirements Document ALRD","Department of Energy","NEPA Determination","1-6","Under the SEP Formula Awards as outlined in the Administrative Legal Requirements Document (ALRD) Program Year 2023, DOE would provide funds in formula-based awards to all 50 States, Territories, and the District of Columbia.","Best example for formula-award and ALRD language."
"funding_012","federal_funding","positive","include","loan_guarantee","09c2857013129ed1614629864a681572","Vogtle Electric Generating Plant Units 3 and 4 Burke County Georgia","Department of Energy","Final Environmental Impact Statement for the Proposed Vogtle Electric Generating Plant Units 3 and 4 Burke County Georgia","Page-2","The U.S. Department of Energy (DOE) is proposing to issue a loan guarantee to several applicants to support funding for construction and start-up of the Vogtle Electric Generating Plant.","Project-description style loan-guarantee example."
"funding_013","unknown","hard_negative","holdout","arra_checkbox_only","445a359b-b00d-f375-2e97-44953a83665b","Energy efficiency lighting and plumbing retrofits for several City facilities","Department of Energy","Categorical Exclusion Determination Form","1-1","American Recovery and Reinvestment Act: [x].","Template or checkbox language only; do not treat as sufficient funding evidence."
"funding_014","","boundary","holdout","foa_boundary","97fca3873618664c1ca208c1874ebff7","DOE Funding of the Construction and Operation of the Facility for Rare Isotope Beams","Department of Energy","ENVIRONMENTAL ASSESSMENT FOR DOE FUNDING OF THE CONSTRUCTION AND OPERATION OF THE FACILITY FOR RARE ISOTOPE BEAMS MICHIGAN STATE UNIVERSITY EAST LANSING MICHIGAN","Page-3","DOE published a funding opportunity announcement seeking applications, but DOE's proposed action under NEPA is also the design, construction, and operation of the facility.","Good boundary example between funding and direct federal action."
"action_001","federal_action","positive","include","doe_construct_operate_facility","55785ab38769051f617b47da1931e34f","Renewable Fuel Heat Plant Improvements","Department of Energy","RENEWABLE FUEL HEAT PLANT IMPROVEMENTS SUPPLEMENTAL ENVIRONMENTAL ASSESSMENT","Page-7","Specifically, the DOE proposes to develop, construct and operate a woodchip fuel storage silo at the National Renewable Energy Laboratory’s (NREL) South Table Mountain (STM) site in Golden, Colorado.","Clean DOE-led facility development, construction, and operation language."
"action_002","federal_action","positive","include","ownership_transition_site_operation","b2ffb3e9-e6d5-f6db-9eb7-fc6d2c155976","NREL-23-005 STEP Operations - Golden, CO","Department of Energy","U.S. Department of Energy Office of Energy Efficiency and Renewable Energy NEPA Determination","1-5","Now that DOE has acquired ownership of the parcel, DOE proposes to operate and maintain the site.","Best narrow example for a current federal action after a prior completed land exchange; pairs well with the existing property-transaction exclusion."
"action_003","federal_action","positive","include","occupy_maintain_refurbish_facilities","e2b118a3c04f23e5447082f2373a91b7","Pacific Northwest National Laboratory Richland Campus Future Development","Department of Energy","Final Environmental Assessment for Pacific Northwest National Laboratory Richland Campus Future Development","Page-3","PNNL would continue to occupy and maintain existing facilities, and would refurbish existing facilities if reasonable and economical.","Useful campus-development example for occupy-maintain-refurbish language without a permit or land-authorization frame."
"action_004","federal_action","positive","include","functional_replacement_facility","631d8c77-2624-6496-1450-e01afb56444d","Vancouver Control Center Project at the Ross Complex","Department of Energy","Categorical Exclusion Determination","1-9","The new VCC building would functionally replace the existing Dittmer Control Center and other business function office spaces, increasing BPA's ability to modernize its control center systems, and consolidate BPA workgroups in a more efficient, purpose-built space.","Best exact functional-replacement and modernization example."
"action_005","federal_action","positive","include","relocate_update_renovate_complex","02f2765d-9c10-48e4-7b7f-1e9069a98651","Ross Complex Laboratories and Garage Upgrade Projects","Department of Energy","Categorical Exclusion Determination","1-8","The Bonneville Power Administration (BPA) proposes to relocate the calibration, metrology, and chemistry laboratories from the aging South Ampere Building (Z-991), into a new, consolidated Calibration-Chemistry Laboratory, to increase worker safety, modernize assets, and combine workspaces to increase efficiency.","Good federal-complex example for relocate plus modernization language."
"action_006","federal_action","positive","include","replace_improve_preserve_facilities","af949be81c2c3d1539216fed281f94f3","Olmsted Hydroelectric Power Plant Replacement Project","Department of the Interior","FINDING OF NO SIGNIFICANT IMPACT Olmsted Hydroelectric Power Plant Replacement Project","Page-3","Constructing a new powerhouse as a replacement of the existing powerhouse, including a smaller power generation unit for flows that are less than powerhouse minimum flow limitations","Good bullet-list example where the federal action is framed as a package of construction and replacement activities."
"action_007","federal_action","positive","include","reclamation_replace_infrastructure","caa3f607609852e98485ad3938e7fe15","Grand Coulee's Third Powerplant 500-kilovolt Transmission Line Replacement Project","Bureau of Reclamation","Grand Coulee's Third Powerplant 500-kilovolt Transmission Line Replacement Project Preliminary Environmental Assessment","Page-2","Reclamation is proposing to replace the six, 500- kV transmission lines of the Third Powerplant (TPP) at Grand Coulee Dam.","Clean Bureau of Reclamation replacement-action sentence."
"action_008","federal_action","positive","include","agency_implements_system","d2bb79006a98642a539dee456caccc68","Integrated Fixed Towers (IFT) in the U.S. Border Patrol’s (USBP) Douglas Station Area of Responsibility (AOR), Tucson Sector, Arizona","U.S. Customs and Border Protection","ENVIRONMENTAL ASSESSMENT FOR INTEGRATED FIXED TOWERS IN THE U.S. BORDER PATROL’S DOUGLAS STATION AREA OF RESPONSIBILITY TUCSON SECTOR, ARIZONA","3","U.S. Customs and Border Protection (CBP) proposes to implement an IFT system in the USBP’s Douglas Station AOR.","Best non-DOE example for agency-as-actor implementation language."
"action_009","federal_action","positive","include","blm_constructs_recreation_facility","3bc31bd9fbd94db5428a7a0c8ef286ab","Blackwell Island Recreation Site Development","Bureau of Land Management","Decision Record and Finding of No Significant Impacts: Blackwell Island Recreation Site Development","29","The BLM proposes to construct a recreational boat launching facility.","Simple BLM-led construction example not framed as a permit or ROW decision."
"action_010","federal_action","positive","include","western_builds_project","34578fbdd9a7b734bd8f6e7ea1b27e61","Colusa-Sutter 500-Kilovolt Transmission Line Project, Colusa, Sutter, Yolo and Sacramento Counties, California","Power Marketing Administration","project_description metadata","project_description","Western would build the Project as allowed by law pursuant to the Acts of Congress approved June 17, 1902 (32 Stat. 388); August 26, 1937 (50 Stat. 844, 850); August 4, 1939 (53 Stat. 1187); and August 4, 1977 (91 Stat. 565); as supplemented and amended.","The exact sentence is available in the corpus text, but documents_combined lacks a main EIS text row for this project_id, so this row records the exact project_description snippet."
"action_011","federal_action","positive","include","upgrade_by_removing_and_installing","1c20864d3da03b2151e23487fc6bc9dd","Beaver Creek-Hoyt-Erie Transmission Line Rebuild Project","Power Marketing Administration","Environmental Assessment Beaver Creek-Hoyt-Erie Transmission Line Rebuild Project","Page-11","Western proposes to upgrade the existing transmission lines by removing the existing 115-kV H-frame structures, conductors and hardware and installing a double circuit 230-kV transmission line on single pole steel structures.","Best exact upgrade-by-removing-and-installing transmission example."
"action_012","federal_action","positive","include","rebuild_existing_line_remove_danger_trees","87624047086aac92d0f6cc1e1d3b0c1b","Bandon-Rogue Transmission Line Rebuild Project","Power Marketing Administration","Bandon-Rogue Transmission Line Rebuild Project Final Environmental Assessment and Finding of No Significant Impact","Page-6","The Proposed Action is to rebuild the existing 115-kV transmission line in the existing right-of- way, conduct work on some unpaved access roads, and remove some danger trees.","Useful rebuild-action example; the operative cue is rebuild and remove, not the generic phrase 'Proposed Action'."
"action_013","federal_action","positive","include","reconductor_and_replace_structures","132d259278d0c6caa05e78b7dc4ad512","Dave Johnston Tap to Sidney Substation Transmission Line Reconductor Project","Power Marketing Administration","Dave Johnston Tap to Sidney Substation Transmission Line Reconductor Project Environmental Assessment DOE/EA-2149","Page-9","WAPA’s “Proposed Action” would be to reconductor the 210-mile-long DJT-SD 115-kV transmission line and replace approximately 30 failing structures “in-kind”.","Best reconductor example; the useful cue is reconductor plus replace structures, not the phrase 'Proposed Action' by itself."
"action_014","federal_action","positive","include","upgrade_telecommunications_system","b6695df8b2124a867581ea72418be63f","BPA's Hot Springs - Garrison Fiber Optic Project","Power Marketing Administration","Final Environmental Assessment BPA's Hot Springs - Garrison Fiber Optic Project","Page-15","BPA proposes to upgrade the operational telecommunications system between the Hot Springs Substation and Garrison Substation by installing a fiber optic system.","Best exact telecommunications-upgrade example."
"action_015","federal_action","positive","include","install_disconnect_switches","3c5dc37f-f1c7-4812-0089-a7209b36cef9","Buckley Substation Disconnect Switch Additions","Department of Energy","Categorical Exclusion Determination","1-6","Bonneville Power Administration (BPA) proposes to install three new motor operated disconnect switches, a new bus configuration, and relaying equipment at BPA's existing Buckley Substation in Sherman County, Oregon.","Good substation-modernization example with install language."
"action_016","federal_action","positive","include","replace_upgrade_radio_antennas","04e886be-e1c9-face-45bb-1c0077727683","Ashe and White Bluffs Radio Antenna Replacements","Department of Energy","Categorical Exclusion Determination","1-5","Bonneville Power Administration (BPA) proposes to replace and upgrade the existing Ultra-High Frequency (UHF) radio antennas on the radio towers located at the White Bluffs Substation and Ashe Substation.","Best exact replace-and-upgrade equipment example."
"action_017","federal_action","positive","include","replace_roof_drainage_system","c1b3c6d5-7e92-163c-c032-5759941b28c4","Roof Drainage System Replacement at Chehalis Untanking Tower","Department of Energy","Categorical Exclusion Determination","1-6","Bonneville Power Administration (BPA) proposes to replace portions of the roof drainage system at BPA's untanking tower located at the Chehalis Substation.","Good facility-repair example that is still clearly a direct federal action."
"action_018","federal_action","positive","include","remove_and_replace_fittings","f8b223b8-3d46-b639-ba67-9a4c2d123dc3","Ashe – Marion No. 2 Urgent Fitting Replacements","Department of Energy","Categorical Exclusion Determination","1-7","Bonneville Power Administration (BPA) proposes to remove and replace certain fittings used to splice lengths of transmission line conductor together on two transmission lines (Ashe-Marion No. 2 and Buckley-Marion No. 1) in the same corridor in Oregon.","Best exact remove-and-replace equipment example."
"action_019","federal_action","positive","include","upgrade_lighting_systems","c1f3a20a-12be-b627-55d5-375fe9d8e50a","Lighting Replacements in Test Reactor Area (TRA)-653 (Weld Shop) and TRA-662 (Warehouse)","Department of Energy","DOE-ID NEPA CX DETERMINATION","1-2","In order to lower energy use, the proposed action would upgrade the lighting in the TRA-653 Weld Shop and the TRA-662 warehouse and machine shop with new lighting systems.","Useful facility-upgrade example where the action verb is upgrade, not funding or permitting."
"land_001","federal_land","positive","include","special_use_defined_row","8a1ff4621f3b80f0a5c2be15f3649717","Estes to Flatiron Transmission Lines Rebuild Project","Power Marketing Administration","Estes to Flatiron Transmission Lines Rebuild Project, Larimer County, Colorado, Final Environmental Impact Statement","11","The USFS purpose and need is to determine whether to issue a special use permit for the proposed transmission lines upgrade and rebuild. In conjunction with the issuance, the USFS would bring Western's facilities under a current authorization with a defined ROW and an Operation and Maintenance Plan.","Strong land-access example built around special use permit plus defined ROW language."
"land_002","federal_land","positive","include","perpetual_row_expired_easement","74d906df-095c-24b1-3055-8b96bcdcc5b8","Wautoma-Rock Creek Perpetual Right-of-Way Grant Acquisition","Department of Energy","Categorical Exclusion Determination","1-4","BPA proposes to acquire a perpetual right-of-way grant for BPA's existing Wautoma-Rock Creek transmission line. Originally BPA had acquired a 50-year easement for the right-of-way. However, the easement has expired and the Bureau of Land Management now owns the parcel.","Best example for perpetual ROW grant plus expired easement language."
"land_003","federal_land","positive","include","row_grant_blm_admin_lands","e70ea3ad859fdd76343713d64a9dd087","Pinyon Solar Project","Bureau of Land Management","Pinyon Solar Project EA","","The applicant has requested a 30-year right-of-way grant to construct, operate, maintain, and decommission a utility-scale solar energy generating facility and battery energy storage system on BLM-administered lands.","Project-description example for the exact BLM-administered lands wording."
"land_004","federal_land","positive","include","row_renewal_applications","8f4a7e43-df3f-ebf4-f389-1f08eab81266","Oatman Area Right-of-Way Renewals","Bureau of Land Management","Categorical Exclusion Documentation","1-7","Analyze the impact of five separate right-of-way renewal applications for aerial and buried telephone lines and power distribution lines near Oatman, Arizona.","Clean exact phrasing for right-of-way renewal applications."
"land_005","federal_land","positive","include","row_renewal_amendment","463fc6290bb3338a701b5bb830892451","Idaho Power Deer Flat-Gem Junction Right-of-Way Renewal and Amendment","Bureau of Land Management","Environmental Assessment: Idaho Power Deer Flat-Gem Junction Right-of-Way Renewal and Amendment","1","Idaho Power Deer Flat-Gem Junction Right-of-Way Renewal and Amendment for BLM Serial #: IDI-013193.","Clean title-page example for renewal and amendment wording."
"land_006","federal_land","positive","include","temporary_permanent_easements","ef743b21e0664f8b3be7597fd8e085dd","CV Link BLM Easement Project","Bureau of Land Management","CV Link Project Environmental Assessment","2","The BLM will decide whether to approve the applicant's request for temporary and permanent easements to construct, operate, and maintain the portion of the CV Link corridor within the BLM boundaries.","Best easement example grounded in exact temporary and permanent easement wording."
"land_007","federal_land","positive","include","flpma_public_land_row","6e9fc6608e30977c74305d2a98628a13","Coldfoot Cell Tower","Bureau of Land Management","EA_PDF.pdf","2","The need for action is established by the Bureau of Land Management's responsibility under Title V of the Federal Land Policy and Management Act to respond to requests for rights-of-way across public lands.","Best FLPMA rights-of-way across public lands example."
"land_008","federal_land","positive","include","public_land_administered_blm","c2ec7e30051998e27a6aee8909f71abc","Manzanar Water Well","Bureau of Land Management","Environmental Assessment Manzanar Water Well Right-of-Way CACA 059517 (DOI-BLM-CAC-070-2022-0004-EA)","1","The project includes a right-of-way (ROW) that would authorize the installation of a replacement water well on public land administered by the Bureau of Land Management (BLM).","Useful exact public-land-administered-by-BLM context."
"land_009","federal_land","positive","include","public_land_managed_blm","63225337fc9b44b60d46a75ee5a81e13","Coffey Dam Breach and Pipeline Right-of-Way","Bureau of Land Management","Environmental Assessment for Coffey Dam Breach and Pipeline Right-of-Way","1","BLM must respond to the applicant's request for a right-of-way to construct, operate and maintain a system of irrigation pipelines on public land managed by BLM.","Best exact public-land-managed-by-BLM plus ROW-request example."
"land_010","federal_land","positive","include","bia_new_row","667ba0eb-f6ef-1e89-d437-06b085ff2d8e","Propose 12.5kV Overhead Distribution Line Right-of-Way (ROW)","Bureau of Land Management","NATIONAL ENVIRONMENTAL POLICY ACT (NEPA) COMPLIANCE RECORD FOR CATEGORICAL EXCLUSIONS (CX)","1-4","The Bureau of Indian Affairs is requesting a new right-of-way (ROW) for an existing 12.5kV overhead distribution line.","Best exact Bureau of Indian Affairs ROW-request example."
"land_011","federal_land","positive","include","amend_existing_authorization","42dd871e6bc265b7125a75018f1c9d02","ComSites West LLC, Request to Amend Existing Authorization","Bureau of Land Management","Environmental Assessment: ComSites West LLC, Request to Amend Existing Authorization","1","ComSites West, LLC requested to amend their existing authorized communication site to expand an area outside the existing authorization boundary.","Best exact example for amend existing authorization wording."
"land_012","federal_land","positive","include","amend_row_grant","fd1d52a7-1c86-4ab7-1920-c1e707eec9a2","Mead-Victorville Transmission Line Tower 11-4 Tower Revetment Project","Bureau of Land Management","Categorical Exclusion Documentation","1-23","The action proposed by the LADWP is to amend its ROW grant for the installation of riprap at one tower site on public lands managed by the Bureau of Land Management (BLM).","Exact amend-its-ROW-grant language."
"land_013","federal_land","positive","include","bor_permissions","150940c1-d5ae-1fd5-d0cb-4dbc009a7a86","EPE Leasburg Line Maintenance Request","Bureau of Reclamation","CATEGORICAL EXCLUSION REVIEW/DECISION","1-2","These temporary work areas are under lands administered by the Bureau of Reclamation (BOR) and permissions must be sought from them.","Best exact Bureau of Reclamation land-control phrase."
"land_014","federal_land","positive","include","perpetual_row_blm_public_land","544f5e949d5e647c9c54b9363bf85321","Salmon Field Office Fire Station/Cache","Bureau of Land Management","Salmon Field Office Fire Station/Cache Environmental Assessment","3","The BLM's purpose is to decide whether to grant a perpetual ROW on BLM managed public land.","Best exact perpetual ROW on BLM managed public land wording."
"land_015","federal_land","positive","include","land_use_2920","43c74edf545761e26bfca27e9ac1d6e9","Off Road Warriors","Bureau of Land Management","0016_DECISION_ORW_06052014_508.pdf","1","If permitted a 2920 Land Use Authorization would be granted for commercial filming on public lands.","Exact 2920 Land Use Authorization example."
"land_016","federal_land","positive","include","row_grant_application","c87a153c-f0c6-bd71-17e1-7e01ea9816a5","Geotechnical Investigation for the Southline Transmission Line Project approved on August 22, 2016","Department of the Interior - Bureau of Land Management","NEPA COMPLIANCE RECORD Categorical Exclusion (CX)","1-6","On May 1, 2018, Southline Transmission, LLC, submitted an application for a right-of-way grant (Serial Number AZA03568101) from the Bureau of Land Management (BLM) for geotechnical investigation along the new build section of the Southline 345 kilovolt (kV) Transmission Line Project.","Best exact application-for-a-right-of-way-grant example."
"permit_001","federal_permit","positive","include","army_standard_individual_permit_application","d8ce951d6f48a7914a867e2ee6f6fa88","New England Clean Energy Connect (NECEC) Project","Corps of Engineers--Civil Works","","","Department of the Army Environmental Assessment and Statement of Findings for the Above-Referenced Standard Individual Permit Application.","Best exact title-level standard individual permit application example."
"permit_002","federal_permit","positive","include","army_permit_application_title","832fe5bba8a78587e07e8630ee3acebe","Havasu Riviera State Park","Corps of Engineers--Civil Works","Department of the Army Environmental Assessment and Statement of Finding for Above-Numbered Permit Application SPL-2017-00165-WHM","1","Department of the Army Environmental Assessment and Statement of Finding for Above-Numbered Permit Application SPL-2017-00165-WHM.","Clean Corps permit-application title example."
"permit_003","federal_permit","positive","include","section404_permit_application","6508797170b6c85b54e77bf89cf18fb7","ASARCO’s Ray Mine Tailings Storage Facility","Corps of Engineers--Civil Works","ASARCO’s Ray Mine Tailings Storage Facility Project Environmental Impact Statement","2","In March 2013, ASARCO LLC (ASARCO) submitted a Section 404 permit application to the U.S. Army Corps of Engineers (USACE) for the construction and operation of a 2,500-acre new Tailings Storage Facility (TSF) that would receive tailings generated at the Ray Mine, an existing open pit copper mine.","Best exact Section 404 permit application example."
"permit_004","federal_permit","positive","include","individual_permit_under_section404","c73d963be3350785350012bb19222490","Golden Summit Project","Bureau of Land Management","ENVIRONMENTAL ASSESSMENT Golden Summit Project, Plan of Operations","6","The applicant has applied for an individual permit under Section 404 of the Clean Water Act, and additional environmental analysis on wetland impacts is being undertaken by the US Army Corps of Engineers.","Best exact individual-permit-under-Section-404 example."
"permit_005","federal_permit","positive","include","esp_plus_usace_404_10","56f87d34b0a565f24bcdb727fba09c18","Early Site Permit for the PSEG Site","Nuclear Regulatory Commission","","","The proposed actions related to the PSEG application are (1) the NRC issuance of an ESP for the PSEG Site and (2) the USACE issuance of a permit pursuant to Section 404 of the Federal Water Pollution Control Act [Clean Water Act (CWA)] and Section 10 of the Rivers and Harbors Appropriation Act of 1899, as amended, to perform certain dredge and fill activities on the site.","Best exact NRC-plus-USACE permit bundle example."
"permit_006","federal_permit","positive","include","combined_license_plus_da_permit","d82f9e7b0152a0131fec5eeba275b662","Combined License for the Bell Bend Nuclear Power Plant","Nuclear Regulatory Commission","Final Environmental Impact Statement for the Combined License for the Bell Bend Nuclear Power Plant","","PPL initiated the proposed Federal action by submitting an application for BBNPP to the NRC. The NRC’s Federal action is issuance of COL for the AREVA U.S. EPR reactor at the BBNPP site near Berwick, Pennsylvania. The USACE is a cooperating agency in preparation of this EIS. The USACE’s Federal action is its decision of whether to issue, deny, or issue with modifications a Department of Army (DA) permit pursuant to Section 404 of the Clean Water Act and Section 10 of the Rivers and Harbors Act of 1899 to authorize certain construction activities potentially affecting waters of the United States.","Best exact combined-license plus Department of Army permit example."
"permit_007","federal_permit","positive","include","combined_licenses_plus_da_permit","fc14aeff0b172df0db92cc2a864bb442","Combined Licenses for Turkey Point Nuclear Plant Units 6 and 7","Nuclear Regulatory Commission","","","FPL initiated the proposed Federal action by submitting an application for Turkey Point Units 6 and 7 to the NRC. The NRC’s Federal action is issuance of COLs for two Westinghouse AP1000 reactors at the Turkey Point site near Homestead, Florida. The USACE is a cooperating agency in preparation of this EIS. The USACE’s Federal action is its decision of whether to issue, deny, or issue with modifications a Department of Army (DA) permit pursuant to Section 404 of the Clean Water Act and Section 10 of the Rivers and Harbors Act of 1899 to authorize certain construction activities potentially affecting waters of the United States.","Clean sibling example for the combined-license plus Department of Army permit family."
"permit_008","federal_permit","positive","include","npdes_permit_issuance","86e79ebec025a4ddae0557da1932fec1","Tampa Electric Company - Polk Power Station","Environmental Protection Agency","FINAL ENVIRONMENTAL IMPACT STATEMENT POLK POWER STATION TAMPA ELECTRIC COMPANY PROPOSED ENVIRONMENTAL PROTECTION AGENCY ISSUANCE OF A NATIONAL POLLUTANT DISCHARGE ELIMINATION SYSTEM PERMIT FOR A NEW SOURCE PROPOSED DEPARTMENT OF ENERGY CLEAN COAL COST-SHARED FINANCIAL ASSISTANCE UNDER THE DEPARTMENT OF ENERGY CLEAN COAL TECHNOLOGY DEMONSTRATION PROGRAM","Page-3","FINAL ENVIRONMENTAL IMPACT STATEMENT POLK POWER STATION TAMPA ELECTRIC COMPANY PROPOSED ENVIRONMENTAL PROTECTION AGENCY ISSUANCE OF A NATIONAL POLLUTANT DISCHARGE ELIMINATION SYSTEM PERMIT FOR A NEW SOURCE PROPOSED DEPARTMENT OF ENERGY CLEAN COAL COST-SHARED FINANCIAL ASSISTANCE UNDER THE DEPARTMENT OF ENERGY CLEAN COAL TECHNOLOGY DEMONSTRATION PROGRAM.","Best exact NPDES-permit-issuance title example."
"permit_009","federal_permit","positive","include","incidental_take_permit_application","5df42becc385c43ab0d1977d31d43e96","Bald Mountain Mine Juniper Project","Bureau of Land Management","Bald Mountain Mine Juniper Project Environmental Impact Statement","","The USFWS’s purpose for this Federal action is to evaluate and respond to KG-BM’s proposed nest removal and incidental take permit application in accordance with applicable laws, regulations, and policies.","Best exact incidental-take-permit-application example."
"permit_010","federal_permit","positive","include","renewed_amended_itp","710fcf8a229bb8bce183cf9632f9ea4a","Northern Corridor – Highway Right-of-Way, Issuance of an Incidental Take Permit","United States Fish and Wildlife Service","","5","A Renewed/Amended ITP is needed to extend the County’s access to previously authorized, but unrealized, incidental take of the MDT for an extended term of 25 years.","Best exact renewed/amended ITP example."
"permit_011","federal_permit","positive","include","hcp_incidental_take_permit","7c8cde84f2aae499bfc9989d6a019483","Proposed Habitat Conservation Plan and Incidental Take Permit for the Fowler Ridge Wind Farm, Benton County, Indiana","United States Fish and Wildlife Service","Final Environmental Impact Statement for Proposed Habitat Conservation Plan and Incidental Take Permit, Fowler Ridge Wind Farm, Benton County, Indiana","1","Final Environmental Impact Statement for Proposed Habitat Conservation Plan and Incidental Take Permit, Fowler Ridge Wind Farm, Benton County, Indiana.","Best exact Habitat Conservation Plan and Incidental Take Permit title example."
"permit_012","federal_permit","positive","include","itp_section10a1b","19ed0c38894bf6d479157aec6913c147","City of San Diego Vernal Pool Habitat Conservation Plan","United States Fish and Wildlife Service","City of San Diego Vernal Pool Habitat Conservation Plan","","Issuance of a federal Incidental Take Permit (ITP) under Section 10(a)(1)(B) of the Federal Endangered Species Act (FESA; the federal action under the National Environmental Policy Act ""NEPA"") will be required by the USFWS after the City’s approval process is complete.","Best exact Section 10(a)(1)(B) incidental-take-permit example."
"permit_013","federal_permit","positive","include","hydropower_license","3a76112482f1e4b3c21f7707b467252a","Goldendale Energy Storage Project","Federal Energy Regulatory Commission","FINAL ENVIRONMENTAL IMPACT STATEMENT FOR HYDROPOWER LICENSE Goldendale Energy Storage Project—Federal Energy Regulatory Commission Project Number 14861-002 Washington and Oregon","1","FINAL ENVIRONMENTAL IMPACT STATEMENT FOR HYDROPOWER LICENSE Goldendale Energy Storage Project—Federal Energy Regulatory Commission Project Number 14861-002 Washington and Oregon.","Best exact hydropower-license title example."
"permit_014","federal_permit","positive","include","relicensing_hydropower_license","2cfb8f22529b3e5581193732ef09ecad","Relicensing the Yuba River Development Project","Federal Energy Regulatory Commission","","1","DRAFT ENVIRONMENTAL IMPACT STATEMENT FOR HYDROPOWER LICENSE Office of Energy Projects May 2018 FERC/EIS-0281D Federal Energy Regulatory Commission Yuba River Development Project Project No. 2246-065 – California.","Best exact relicensing-family hydropower-license example."
"permit_015","federal_permit","positive","include","certificate_public_convenience_and_necessity","f4df4c06-98a2-224d-d923-ded85f203fd0","Floridian Natural Gas Storage Company LNG Export Authorization","Federal Energy Regulatory Commission","U.S. Department of Energy Categorical Exclusion Determination","1-3","FERC has completed an environmental review of the Facility that satisfies the requirements of the National Environmental Policy Act (NEPA) pursuant to an application for a certificate of public convenience and necessity under section 7 of the NGA, 15 USC 717f.","Best exact certificate-of-public-convenience-and-necessity example."
"permit_016","federal_permit","positive","include","amendment_to_presidential_permit","99cc917eb69f63aacf8cdc17c89bdde0","Otay Mesa 230 kV Switchyard and Miguel-Tijuana 230 kV Line Project","Department of Energy","Environmental Assessment for the Proposed Amendment to Presidential Permit (PP-68)","Page-2","Environmental Assessment for the Proposed Amendment to Presidential Permit (PP-68).","Best exact amendment-to-Presidential-Permit title example."
"permit_017","federal_permit","positive","include","issuance_of_presidential_permit","c2bd74d3113761c2f518a08a7bbd6e24","Construction and Operation of the Proposed Bangor Hydro-Electric Company's Second 345-kV Transmission Tie Line to New Brunswick","Department of Energy","Final Environmental Impact Statement for Construction and Operation of the Proposed Bangor Hydro-Electric Company's Second 345-kilovolt Transmission Tie Line to New Brunswick","Page-7","Proposed Action: Issuance of Presidential Permit PP-89 to Bangor Hydro-Electric Company.","Best exact issuance-of-Presidential-Permit example."
"permit_018","federal_permit","positive","include","license_renewal","b7996903435afb21c7a5428354244a51","Subsequent License Renewal of Oconee Nuclear Station, Units 1, 2, and 3","Nuclear Regulatory Commission","Site-Specific Environmental Impact Statement for Subsequent License Renewal of Oconee Nuclear Station, Units 1, 2, and 3 Second Renewal, Draft Report for Comment.","","Issuance of renewed facility operating licenses DPR-38, DPR-47, and DPR-55 for Oconee Nuclear Station, Units 1, 2, and 3, in Seneca, South Carolina.","Best exact renewed-facility-operating-licenses example."
"permit_019","federal_permit","positive","include","nationwide_permit_verification","faaffb89-1e73-aec1-461a-3f0b70c56277","BLM Arroyo del Tuerto bank protection/channel braid deflection","Corps of Engineers--Civil Works","Nationwide Permit (NWP) Verification – Action No. SPA-2016-00062, BLM Arroyo del Tuerto bank protection/channel braid deflection","","Nationwide Permit (NWP) Verification – Action No. SPA-2016-00062, BLM Arroyo del Tuerto bank protection/channel braid deflection.","Best exact paired Nationwide Permit example."
"permit_020","federal_permit","positive","include","npdes_construction_storm_water_general_permit","63cb9578dc2336966951aefde949dd06","Spencer Mineral Materials Project","Forest Service","","","Coverage under the National Pollutant Discharge Elimination System (NPDES) Construction Storm Water General Permit is required for projects that disturb more than one acre of land.","Best exact paired general-permit example."
"permit_021","federal_permit","positive","include","nwp_regional_general_or_standard_individual","ddf38d0a8340559372004c4d33bbb3b0","Janus Solar Project","Power Marketing Administration","Janus Solar Project Draft Environmental Assessment","","A Nationwide, Regional General, or Standard Individual Permit may be required. If Solar Project activity would impact WOTUS, the USACE Denver Regulatory Office should be notified.","Best exact paired Nationwide/Regional General/Standard Individual permit example."
"property_001","federal_property_transaction","positive","include","land_exchange_title","aad5c0f845b958c77a8bfaa9bb88d1e7","Falls Creek Hydroelectric Project and Land Exchange","Department of Energy","Proposed Falls Creek Hydroelectric Project and Land Exchange","Page-1","Falls Creek Hydroelectric Project and Land Exchange.","Clean title-level land-exchange example."
"property_002","federal_property_transaction","positive","include","multi_party_land_exchange","fd3b9f07-70ec-e835-0867-78ccf32c7d5e","U.S. Department of Energy Land Exchange with Jefferson County and the State of Colorado","Department of Energy","U.S. Department of Energy Land Exchange with Jefferson County and the State of Colorado","1-1","The U.S. Department of Energy (DOE) is proposing to conduct a multi-party land exchange with Jefferson County Open Space (JCOS) and the State of Colorado (the State).","Best exact DOE multi-party land-exchange example."
"property_003","federal_property_transaction","positive","include","fee_land_exchange","32de2ac70974b4c64403fbb35742ab91","Acquisition of Florida Power & Light Company Land in the East Everglades Expansion Area","National Park Service","ACQUISITION OF FLORIDA POWER & LIGHT COMPANY LAND IN THE EAST EVERGLADES EXPANSION AREA, EVERGLADES NATIONAL PARK, FLORIDA FINAL ENVIRONMENTAL IMPACT STATEMENT","11","ALTERNATIVE 4: EASEMENT FOR FEE LAND EXCHANGE Under alternative 4, the NPS would acquire fee title to the FPL property (7.4–mile-long corridor containing 320 acres of FPL lands) through an exchange for an easement on NPS property.","Best exact fee-title / easement-for-fee land-exchange example."
"property_004","federal_property_transaction","positive","include","exchange_property_fee_owned_land","d5635898-c13b-3598-a94b-27fe33cb2f58","Bettas Road Substation Land Disposal and Acquisition, Transmission Load Interconnection, and Installation of a New Access Road","Department of Energy","Categorical Exclusion Determination","1-1","Bonneville Power Administration (BPA) proposes to exchange property with Kittitas Public Utility District (KPUD) and allow KPUD to construct a new access road on BPA fee-owned property in response to KPUD's land use request.","Best exact exchange-property plus fee-owned-land example."
"property_005","federal_property_transaction","positive","include","dispose_land_rights","31c46a5a-e60e-acf0-2d6b-99c1f6550f0a","Corkin Substation Land Disposal","Department of Energy","Categorical Exclusion Determination","1-1","Bonneville Power Administration (BPA) proposes to dispose of the land rights beneath a portion of the Chehalis Substation complex (known as the Corkin Substation) to Lewis County Public Utility District (PUD).","Best exact dispose-of-land-rights example."
"property_006","federal_property_transaction","positive","include","sale_land_rights_substation","907c99b4-b4a5-4c8b-657a-454e94d55924","Surprise Lake Substation Sale of Land Rights and Equipment","Department of Energy","Categorical Exclusion Determination – Surprise Lake Substation Sale of Land Rights and Equipment","1-1","Bonneville Power Administration (BPA) proposes to sell its Surprise Lake Substation, including land rights, to the City of Milton.","Best exact substation sale including land rights example."
"property_007","federal_property_transaction","positive","include","sell_in_fee_retain_easement","83267d39-9fe3-e104-aa3e-344b60776924","Proposed Sale of Bonneville Power Administration (BPA) Fee Owned Property to Washington State Department of Transportation (WSDOT) for Interstate On and Off Ramps","Department of Energy","Environmental Clearance Memorandum","1-1","In response to a Land Use Review Request (LURR 20080504), BPA proposes to sell in fee 2.3 acres of land, located in Clark County, Washington, to WSDOT. The land consists of two strips within a residential area, located on either side of Interstate Highway 205 (I-205). WSDOT proposes to build I-205 on and off ramps on the land on either side of I-205. BPA would retain an easement for the land because it contains two transmission lines, both owned and operated by BPA.","Best exact sell-in-fee plus retained-easement example."
"property_008","federal_property_transaction","positive","include","acquire_release_access_road_rights","1b7075f6-2692-0b54-6163-8da1f6c60940","Acquisition of Access Road Easements","Department of Energy","Environmental Clearance Memorandum","1-1","BPA proposes to acquire and release access road rights on several transmission line corridors and substations in order to ensure permanent legal access to BPA facilities for operation and maintenance purposes.","Best exact acquire-and-release-access-road-rights example."
"property_009","federal_property_transaction","positive","include","road_easement_acquisition","fe8667c0-2d8c-88fd-8601-57fe1c52a95f","Acquisition of Multiple Access Road Easements for the Holcomb-Naselle No. 1 Transmission Line","Department of Energy","Categorical Exclusion Determination","1-1","BPA proposes to acquire several road easements to provide dedicated access to its Holcomb-Naselle No. 1 Transmission Line in Pacific County, Washington.","Best exact acquire-several-road-easements example."
"property_010","federal_property_transaction","positive","include","land_rights_acquisition","aab5071b-ff10-d590-a314-8a1aac75750d","Grand Coulee-Okanogan No. 2 transmission line and access road land rights acquisition","Department of Energy","Categorical Exclusion Determination","1-1","Bonneville Power Administration (BPA) proposes to acquire land rights for the existing Grand Coulee-Okanagan No. 2 transmission line and access roads.","Best exact acquire-land-rights example."
"property_011","federal_property_transaction","positive","include","access_road_rights_acquisition","e2c9cfe4-24f2-4647-9385-80ceb834d595","Grizzly Captain Jack Transmission Line Access Road Acquisition","Department of Energy","Categorical Exclusion Determination","1-1","Bonneville Power Administration (BPA) proposes to acquire access road rights to an existing road (BPA access road number 156-010) in order to ensure permanent legal access to BPA's Grizzly-Captain Jack transmission line for operation and maintenance purposes.","Best exact acquire-access-road-rights example."
"property_012","federal_property_transaction","positive","include","easement_exchange","2e403640-6941-e698-295d-294bceafb988","Tacoma-Raver Access Road Easement Exchange","Department of Energy","Environmental Clearance Memorandum","1-1","BPA proposes to acquire and release access road rights on the Tacoma-Raver No. 1 & 2 230-kilovolt transmission line. The City of Auburn has requested release of two access road tracts in exchange for granting an easement to BPA across an existing access road on the City's property.","Best exact access-road easement-exchange example."
"property_013","federal_property_transaction","positive","include","land_purchase_easement_acquisition","d4001eeb-f454-1404-e894-76605086eb57","Troutdale Reynolds Industrial Park Land Purchase and Easement Acquisition","Department of Energy","Categorical Exclusion Determination","1-1","Bonneville Power Administration (BPA) proposes to purchase two lots and line easements within the Port of Portland's Reynolds Industrial Park near Troutdale in Multnomah County, Oregon. BPA currently operates facilities in this area and the acquisition of the lots and associated easements would secure BPA's ability to consider future expansion of facilities at the Port, as remaining vacant land suitable for future development may become unavailable.","Best exact land-purchase plus easement-acquisition example."
"property_014","federal_property_transaction","positive","include","transfer_ownership_associated_easements","43568be0-670e-6161-0257-47a612ec3756","East Omak-Oroville No. 1 and East Omak-Tonasket No. 2 Transmission Line Property Transfer","Department of Energy","Categorical Exclusion Determination","1-1","Bonneville Power Administration (BPA) proposes to transfer ownership of the East Omak-Oroville No. 1 and East Omak-Tonasket No. 2 double-circuit 115-kV transmission lines, associated easements, and three disconnect switches to Okanogan Public Utility District No.1 (Okanogan PUD).","Best exact transfer-ownership plus associated-easements example."
"property_015","federal_property_transaction","positive","include","title_transfer_easements","0e3c99f8-9812-629f-e5af-207dfa4c7158","Black Canyon-Emmett No. 1 Transmission Line Title Transfer","Department of Energy","Categorical Exclusion Determination","1-1","Bonneville Power Administration (BPA) proposes to transfer ownership of its Black Canyon-Emmett No. 1 69-kilovolt (kV) Transmission Line to the US Bureau of Reclamation (USBR). The transfer would include the 3.71-mile transmission line, structures, easements, ancillary equipment, and materials.","Best exact title-transfer-style example with easements and materials."
"property_016","federal_property_transaction","positive","include","asset_transfer_line_easements","556cd64b-7e3a-79e0-e1f2-ef7ccf75402d","Asset Transfer of Cheney and Four Lakes Taps","Department of Energy","Categorical Exclusion Determination","1-1","Bonneville would transfer ownership of the aforementioned transmission lines and substation easement rights together with all assets, including towers, footings, support structures, and appurtenances.","Best exact asset-transfer example when easement rights are part of the transaction."
"property_017","federal_property_transaction","positive","include","asset_exchange_rights_of_way","c384e328-9baf-b501-3930-4b0cef7737ad","BPA and Grays Harbor PUD Asset Exchange","Department of Energy","Categorical Exclusion Determination","1-1","BPA would sell equipment it currently owns at Grays Harbor's South Elma and Elma substations to Grays Harbor, including transformers, breakers, relays, bus work, and arrestors. In exchange, Grays Harbor would sell BPA 6.62 miles of its 6.79 mile Cosmopolis-Aberdeen No. 1 115kV line and existing rights-of-way.","Best exact asset-exchange example where rights-of-way are transferred."
"property_018","unknown","hard_negative","holdout","asset_transfer_no_land_ownership","6650ace9-ac1f-e4fa-5a5c-9a133fb7c391","Grand Coulee Switchyard Asset Transfer Project","Department of Energy","Categorical Exclusion Determination","1-1","There would be no ground disturbing activity and there would be no transfer of land ownership. The only change would be in ownership of assets, through an intergovernmental asset transfer of the specified assets; all other equipment and assets would be retained by USBR.","Do not treat generic asset transfers as property transactions when the text explicitly says there is no transfer of land ownership."
"property_019","","boundary","holdout","prior_land_exchange_background","b2ffb3e9-e6d5-f6db-9eb7-fc6d2c155976","NREL-23-005 STEP Operations - Golden, CO","Department of Energy","U.S. Department of Energy Office of Energy Efficiency and Renewable Energy NEPA Determination","1-5","DOE acquired the property as part of a multi-party land exchange with Jefferson County Open Space and the State of Colorado. DOE completed a NEPA review of the land exchange, and it was signed by the DOE NEPA Compliance Officer on January 19, 2022 (NEPA Control Number: GFO-LandExchangeJeffCO-001).","Background mention of a prior land exchange; the current NEPA trigger is the later DOE operation-and-maintenance action, not the completed exchange."
"property_020","unknown","hard_negative","holdout","programmatic_background_land_exchange","27f91fee2d0aa0a47b7a30b711284306","Updates to the Western Solar Plan","Bureau of Land Management","Updates to the Western Solar Plan Draft Programmatic Environmental Impact Statement","147","lands in the 11-state planning area is constantly changing with the approval of new right-of-way (ROW) authorizations, land exchanges, withdrawals, and the implementation of RMP and management decisions.","Programmatic background/planning language only; do not treat this as a site-specific property-transaction trigger."
"program_001","federal_program","positive","include","programmatic_ivm_pea","e0830101b4741e1770e090845dc634f4","Parker-Davis Transmission System Routine Operation and Maintenance Project and Proposed Integrated Vegetation Management Program","Power Marketing Administration","Parker-Davis Transmission System Routine Operation and Maintenance Project and Proposed Integrated Vegetation Management Program Programmatic Environmental Assessment","","Parker-Davis Transmission System Routine Operation and Maintenance Project and Proposed Integrated Vegetation Management Program Programmatic Environmental Assessment","Clean exact programmatic EA title for the Parker-Davis integrated vegetation management program."
"program_002","federal_program","positive","include","systemwide_ivm_pea","faec045d0d990209b8aada96a616548f","Programmatic Environmental Assessment for System-wide Operations and Maintenance Activities and Integrated Vegetation Management Program","Power Marketing Administration","Programmatic Environmental Assessment for System-wide Operations and Maintenance Activities and Integrated Vegetation Management Program","","Programmatic Environmental Assessment for System-wide Operations and Maintenance Activities and Integrated Vegetation Management Program","Best exact system-wide operations and maintenance programmatic EA title."
"program_003","federal_program","positive","include","solar_program_peis","3911a1890cc10091f853ae8d1817fc09","Solar Energy Development in Six Southwestern States","Bureau of Land Management","Final Programmatic Environmental Impact Statement for Solar Energy Development in Six Southwestern States","","Final Programmatic Environmental Impact Statement for Solar Energy Development in Six Southwestern States","Clean exact Solar PEIS title."
"program_004","federal_program","positive","include","wind_program_peis","86f9755c92d72e72109fb86302e29510","Wind Energy Development on Bureau of Land Management-Administered Lands in the Western United States","Bureau of Land Management","Final Programmatic Environmental Impact Statement on Wind Energy Development on Bureau of Land Management-Administered Lands in the Western United States","","Final Programmatic Environmental Impact Statement on Wind Energy Development on Bureau of Land Management-Administered Lands in the Western United States","Clean exact wind-development programmatic EIS title."
"program_005","federal_program","positive","include","western_solar_peis","27f91fee2d0aa0a47b7a30b711284306","Updates to the Western Solar Plan","Bureau of Land Management","Updates to the Western Solar Plan Draft Programmatic Environmental Impact Statement","","Updates to the Western Solar Plan Draft Programmatic Environmental Impact Statement","Use with Solar PEIS or programmatic EIS context; exact saved title anchor."
"program_006","federal_program","positive","include","uranium_leasing_pea","e4f17bdb94ef13df214876fefb844074","Uranium Leasing Program","Department of Energy","Uranium Leasing Program Final Programmatic Environmental Assessment","","Uranium Leasing Program Final Programmatic Environmental Assessment","Clean exact uranium-leasing programmatic EA title."
"program_007","federal_program","positive","include","ocs_leasing_peis","6427538237f166a999e600a9b99ccb0a","Outer Continental Shelf Oil and Gas Leasing Program: 2012-2017","Bureau of Ocean Energy Management","Outer Continental Shelf Oil and Gas Leasing Program: 2012-2017 Final Programmatic Environmental Impact Statement","","Outer Continental Shelf Oil and Gas Leasing Program: 2012-2017 Final Programmatic Environmental Impact Statement","Clean exact OCS leasing program PEIS title."
"program_008","federal_program","positive","include","ocs_leasing_peis","b563225edff50afce3bab5dfea882497","2024–2029 National Outer Continental Shelf Oil and Gas Leasing Program","Bureau of Ocean Energy Management","2024–2029 National Outer Continental Shelf Oil and Gas Leasing Program Final Programmatic Environmental Impact Statement","","2024–2029 National Outer Continental Shelf Oil and Gas Leasing Program Final Programmatic Environmental Impact Statement","Modern OCS leasing program PEIS title."
"program_009","federal_program","positive","include","energy_corridors_peis","c9432370a03a367ceb6b09fa69837925","Designation of Energy Corridors on Federal Land in the 11 Western States","","Final Programmatic Environmental Impact Statement, Designation of Energy Corridors on Federal Land in the 11 Western States","","Final Programmatic Environmental Impact Statement, Designation of Energy Corridors on Federal Land in the 11 Western States","Best exact corridor-designation PEIS title."
"program_010","federal_program","positive","include","section368_corridor","5696f25f31d6ecba406f67eed39ff1ed","Section 368 Energy Corridor Revisions","Bureau of Land Management","Section 368 Energy Corridor Revisions Resource Management Plan Amendment/Environmental Impact Statement","","Section 368 Energy Corridor Revisions Resource Management Plan Amendment/Environmental Impact Statement","Use as an exact named corridor family, not as a generic RMP amendment rule."
"program_011","federal_program","positive","include","generic_review","fffd67ec0460fd6d6939b262031b3290","License Renewal of Nuclear Plants","Nuclear Regulatory Commission","Final Generic Environmental Impact Statement for License Renewal of Nuclear Plants","","Final Generic Environmental Impact Statement for License Renewal of Nuclear Plants","Clean generic EIS title for the federal_program class."
"program_012","federal_program","positive","include","generic_review","d99695327194b4dd0833d6a1a8607100","Generic Licensing of New Nuclear Reactors","Nuclear Regulatory Commission","Generic Environmental Impact Statement for Licensing of New Nuclear Reactors","","Generic Environmental Impact Statement for Licensing of New Nuclear Reactors","Clean second generic EIS example."
"program_013","federal_program","positive","include","tier1_review","ac05b10d6c3ef664ce1a1b25d1f357c6","State Route 180 Westside Expressway Route Adoption Study","Federal Highway Administration","State Route 180 Westside Expressway Route Adoption Study Final Environmental Impact Report/Tier I Environmental Impact Statement and Section 4(f) Evaluation","","State Route 180 Westside Expressway Route Adoption Study Final Environmental Impact Report/Tier I Environmental Impact Statement and Section 4(f) Evaluation","Clean Tier I EIS title."
"program_014","federal_program","positive","include","tier1_review","4b823069a96af798de975090513c346f","New Jersey Back Bays Coastal Storm Risk Management","Corps of Engineers--Civil Works","New Jersey Back Bays Coastal Storm Risk Management Draft Integrated Feasibility Report and Tier 1 Environmental Impact Statement","","New Jersey Back Bays Coastal Storm Risk Management Draft Integrated Feasibility Report and Tier 1 Environmental Impact Statement","Clean Tier 1 EIS title with integrated report wording."
"program_015","federal_program","positive","include","tier1_review","a31e438ca976afcfc5b76d994ace6608","Tucson to Phoenix Passenger Rail System","Federal Railroad Administration","Draft Tier 1 Environmental Impact Statement","","Draft Tier 1 Environmental Impact Statement","Shortest clean Tier 1 title anchor."
"program_016","federal_program","positive","include","sitewide_review","e42943f5e677b52e69a402cb5c721d96","Site-Wide for the Y-12 National Security Complex","Department of Energy","Final Site-Wide Environmental Impact Statement for the Y-12 National Security Complex","","Final Site-Wide Environmental Impact Statement for the Y-12 National Security Complex","Clean site-wide EIS title."
"program_017","federal_program","positive","include","sitewide_review","db443021e4fb781e5de8db47df629fb1","Continuing Operations at Sandia National Laboratories, California","National Nuclear Security Administration","Final Site-Wide Environmental Assessment (SWEA) for Sandia National Laboratories/California (DOE/EA-1422)","","Final Site-Wide Environmental Assessment (SWEA) for Sandia National Laboratories/California (DOE/EA-1422)","Clean site-wide EA and SWEA acronym example."
"program_018","federal_program","positive","include","sitewide_review","8a3a0356f7cdd10b447bf9fe6ac1d0c0","Continued Operation of the Los Alamos National Laboratory","National Nuclear Security Administration","Draft Site-Wide Environmental Impact Statement for Continued Operation of the Los Alamos National Laboratory","","Draft Site-Wide Environmental Impact Statement for Continued Operation of the Los Alamos National Laboratory","Clean site-wide EIS example for LANL."
"program_019","federal_program","positive","include","integrated_resource_plan","dbadfc85b6763fc9b714f8356bd7dc78","Integrated Resource Plan","Tennessee Valley Authority","Integrated Resource Plan – 2015 Final Supplemental Environmental Impact Statement","","Integrated Resource Plan – 2015 Final Supplemental Environmental Impact Statement","Exact TVA integrated resource plan title paired with supplemental EIS language."
"program_020","federal_program","positive","include","integrated_resource_plan","9ea32c0bbe067b598b48fc486604310c","2025 Integrated Resource Plan","Tennessee Valley Authority","2025 Integrated Resource Plan and Programmatic Environmental Impact Statement","","2025 Integrated Resource Plan and Programmatic Environmental Impact Statement","Exact 2025 TVA integrated resource plan plus programmatic EIS title."
"program_021","federal_program","positive","include","lrm_plan_revision","56540b1cb9a7bb056c196c464b29fbdc","Revision of the Coronado National Forest Land and Resource Management Plan, Cochise, Graham, Pima, Pinal, and Santa Cruz Counties, Arizona, and Hidalgo County, New Mexico","Forest Service","Final Programmatic Environmental Impact Statement for Revision of the Coronado National Forest Land and Resource Management Plan Cochise, Graham, Pima, Pinal, and Santa Cruz Counties, Arizona, and Hidalgo County, New Mexico","","Final Programmatic Environmental Impact Statement for Revision of the Coronado National Forest Land and Resource Management Plan Cochise, Graham, Pima, Pinal, and Santa Cruz Counties, Arizona, and Hidalgo County, New Mexico","Best exact land and resource management plan revision title."
"program_022","federal_program","positive","include","lrm_plan_title","82fbd3bf4a14795ba07381ffda7e7af7","Final San Juan National Forest and Proposed Tres Rios Field Office Land and Resource Management Plan","Forest Service","Final San Juan National Forest and Proposed Tres Rios Field Office Land and Resource Management Plan","","Final San Juan National Forest and Proposed Tres Rios Field Office Land and Resource Management Plan","Title-only land and resource management plan example; use with final/proposed or revision context."
"program_023","","boundary","holdout","land_use_plan_amendment_boundary","96cf6e83ee6e711cf86c6d9651f4efaf","Idaho and Southwestern Montana Greater Sage-Grouse","","Idaho and Southwestern Montana Greater Sage-Grouse Proposed Land Use Plan Amendment/Final Environmental Impact Statement","","Idaho and Southwestern Montana Greater Sage-Grouse Proposed Land Use Plan Amendment/Final Environmental Impact Statement","Strong program/plan example, but held out because land use plan amendment is currently excluded from live rules."
"program_024","","boundary","holdout","land_use_plan_amendment_boundary","17b0fba1a3e81efcb4c947e9e0c00282","Nevada and Northeastern California Greater Sage-Grouse Land Use Plan Amendment","Bureau of Land Management","Nevada and Northeastern California Greater Sage-Grouse Land Use Plan Amendment","","Nevada and Northeastern California Greater Sage-Grouse Land Use Plan Amendment","Hold out as a land-use-plan-amendment family rather than a live include pattern."
"program_025","","boundary","holdout","land_use_plan_amendment_boundary","2d3cf6ca3810523402b3cc8bf84507eb","Utah Greater Sage-Grouse Proposed Land Use Plan Amendment","Bureau of Land Management","Utah Greater Sage-Grouse Proposed Land Use Plan Amendment","","Utah Greater Sage-Grouse Proposed Land Use Plan Amendment","Hold out as a land-use-plan-amendment family rather than a live include pattern."
"program_026","federal_program","positive","include","long_term_management_plan","4d98aae46f3847939819eec65dac6a27","Glen Canyon Dam Long-Term Experimental and Management Plan","Bureau of Reclamation","Glen Canyon Dam Long-Term Experimental and Management Plan Environmental Impact Statement","","Glen Canyon Dam Long-Term Experimental and Management Plan Environmental Impact Statement","Exact management-plan EIS title beyond the core programmatic/PEIS family."
"program_027","","boundary","holdout","rmp_amendment_boundary","29130754fc23c608f2a47810a476b666","Utility-Scale Solar Energy Development and Proposed Resource Management Plan Amendments","Bureau of Land Management","Final Programmatic Environmental Impact Statement and Proposed Resource Management Plan Amendments for Utility-Scale Solar Energy Development","","Final Programmatic Environmental Impact Statement and Proposed Resource Management Plan Amendments for Utility-Scale Solar Energy Development","Programmatic title is strong, but the RMP-amendment component is being held out from live rules for now."
