"energy_group","process_type","tech_group","lead_agency","project_title","excerpt","framing_summary"
"Decarbonization","EA","Biomass","Department of Energy","Chariton Valley Biomass Project","“OGS Site The Proposed Action would not significantly impact the current aesthetics or viewscapes at or near the OGS plant. Although the proposed new buildings would be built on slightly higher ground than the OGS plant, they would be small and low (approximately 11 meters [36 feet] maximum height) compared to the 80-meter (250-foot) high OGS main plant building. The proposed new structures would not be visible from the Des Moines River, because the view would be screened by trees and by the relative position of the OGS main plant. The elevated gallery connecting the two proposed buildings w...”","Significance-framed"
"Decarbonization","EIS","Biomass","Forest Service","Mt. Bachelor Ski Area Improvements Project","“45 and 46 (The Cascade Lakes National Scenic Byway). 45 and 46 (The Cascade Lakes National Scenic Byway). Environmental Issue No-Action Alternative Alternative A – No New Catchline - On-mountain Improvements No change from existing conditions; views would continue to meet Visual Quality Objective (VQO) of Partial Retention and Scenic Integrity Level (SIL) of Moderate. Eastside pod and new catchline would be visible from some nearby viewpoints on Hwy. Same as Proposed Action, except no new catchline would be visible from the viewpoint at the junction of Hwys. 190 LIST OF APPENDICES Appendix ...”","Significance-framed"
"Decarbonization","EIS","Geothermal","Forest Service","Big Creek Geothermal Leasing Project, Salmon-Cobalt and N...","“Impacts under Alternative 2 could involve equipment, structures, roads, and operations, which would alter the characteristic landscape and be sources of light and glare. Natural landscape features and viewer sensitivity help to establish visual management objectives for any given area.  Partial retention—This objective provides for management activities that remain visually subordinate to the characteristic landscape.  Maximum modification—This VQO represents the lowest visual quality objective in the management system. 3.15.2 Affected Environment The Big Creek Hot Springs area is in the ...”","Significance-framed"
"Decarbonization","EIS","Hydropower","Department of Energy","Hydropower Licenses: Wilder Hydroelectric Project, Federa...","“The Connecticut River Valley is recognized for its scenic mountains, historic villages, and open farmland. The mix of open space, villages, farms, country roads, mountainous terrain, historic architecture, and surface waters provide scenic vistas and a serene landscape. The valley is surrounded by the Green Mountains on the west and the White Mountains on the east. Wilder dam and powerhouse are adjacent to New Hampshire Route 10 and the community of Wilder, Vermont. Both features are clearly visible to motorists and visitors at the scenic picnic overlook across from the dam. Additional view...”","Significance-framed"
"Decarbonization","EIS","Hydropower","Bureau of Reclamation","Reinitiation of Consultation on the Coordinated Long-Term...","“Visual effects are dependent upon the viewpoint of individuals because each person can respond differently to changes in the physical environment depending upon expectations, historical perspective, duration and frequency of the views, and extent of a viewshed. A viewshed is defined by the Federal Highway Administration (DOT 1981) as a surface area visible from a particular location. The character of a viewshed can also vary daily, seasonally, and with changing weather. This classification system also considers the scenic integrity, or the completeness of the landscape character. Changes in...”","Mitigation-framed"
"Decarbonization","EIS","Nuclear","Nuclear Regulatory Commission","Seabrook Station License Renewal","“The onshore wind turbines, which are over 300 ft (100 m) tall and spread across multiple sites, would dominate the view and would likely become the major focus of attention. The site is visible from Hampton Flats, US Highway 1A, and Hampton Harbor. During the winter season, the site is visible from elevated locations, such as Powwow Hill, located approximately 2 mi (3.2 km) southwest in Amesbury, Massachusetts. The addition of three cooling towers standing 66 ft (20 m) tall would make the facility more visible as the developed footprint of the facility would be expanded; the towers would al...”","Significance-framed"
"Decarbonization","EA","Nuclear","Bureau of Land Management","USGS Groundwater Monitoring Well","“The project area is within a designated Visual Resource Management Class III area. The objective of Class III is to partially retain the existing character of the landscape. Management activities may attract attention, but not dominate the view of the casual observer. The proposed action would not attract the attention of the casual observer, because it would not be visible to the public, and is very small in size. Present but not affected RESOURCE RATIONALE FOR DETERMINATION DETERMINATION Mineral Resources Locatable mineral resources such as uranium are known to occur in the area. Salable ...”","Mitigation-framed"
"Decarbonization","EA","Other Clean","Bureau of Land Management","Ross Point Recreation Site","“7.6.1 Affected Environment The Coeur d’Alene RMP designated the landscape in and around the project area as Visual Resource Management (VRM) Class II. : View of the project site from the key observation point. Only the features near the shore (south end of the site) from the Proposed Action would be would be visible from the KOP. Hence there would also be no changes to the viewshed from the KOP, except for those resulting from the Proposed Action or Alternative B, and little else will contribute to cumulative effects for visual resources. 7.6.1 Affected Environment The Coeur d’Alene RMP des...”","Significance-framed"
"Decarbonization","EA","Other Clean","Bureau of Land Management","ASTAC Terrestrial Fiber Optic Cable between Atqasuk and U...","“Alternative A: Proposed Action Specific impacts to VRM activities are discussed and were analyzed most recently in the 2012 BLM NPR-A IAP/EIS. The majority of the fiber optic cable would be on the ground and not affect VRM. The portion of the proposed action that has the potential to affect VRM is the of 51 overhead line across the three different waterways. The proposed action calls for installing a 25foot pole on each side of the river with a wire going across the river, which has bird diverters for the benefit of bird species. Direct impacts to the visual resources would be the visibilit...”","Mitigation-framed"
"Decarbonization","EA","Solar","Department of Energy","DEPARTMENT OF ENERGY LOAN GUARANTEE TO ABENGOA SOLAR INC....","“TABLES Public Outreach Summary Summary of Issues and Concerns Identified During Public Outreach Permits, Approvals, and Authorizations for the Solana CSP Project Solana Site Components Solana Construction Emissions Estimates and Applicable Limits Construction Equipment Noise Levelsa Soil Associations in the Vicinity of the Solana Site Federal Emergency Management Agency Flood Zones Socioeconomic Profile of the Solana CSP Project Vicinitya Total Percentage of Population by Race/Ethnicitya Income and Poverty Level Existing Peak Hour Levels of Service DOE/ vii APPENDICES Appendix A Public Supp...”","Significance-framed"
"Decarbonization","EA","Solar","Bureau of Land Management","IP Athos Renewable Energy Project 220-kV Generation Tie-L...","“No There are no Wild and Scenic Rivers near the Action Area. . Identification of Issues Resource/Concern Analyzed? Rationale for Analysis or Dismissal from Analysis Wild Horses and Burros No There are no Wild Horses and Burros Management Areas near the Action Area. Wilderness/Wilderness Study Areas/Lands with Wilderness Characteristics No There are no lands managed to protect wilderness characteristics in the Action Area, which is located within a Development Focus Area identified in the DRECP LUPA. The nearest lands managed to protect wilderness characteristics are over 4 miles east of the...”","Significance-framed"
"Decarbonization","EA","Transmission","Bureau of Land Management","King to Wood River 138 Kilovolt Transmission Line Rebuild","“The Proposed Action and alternatives includes Visual Resource Management (VRM) Inventory and Management Classes II, III and IV. Management activities may attract attention but should not dominate the view of the casual observer. These management activities may dominate the view and be the major focus of viewer attention. The Proposed Action and alternatives includes Visual Resource Management (VRM) Inventory and Management Classes II, III and IV. Management activities may attract attention but should not dominate the view of the casual observer. These management activities may dominate the ...”","Significance-framed"
"Decarbonization","EA","Transmission","Bureau of Land Management","Pesticide Use Proposal","“NI Impacts to visual resources would consist of the presence of vehicles during weed treatments, which would only be temporary. The elimination of weed species from previously disturbed areas associated with the ELM facilities would not create a substantial visual change or adverse aesthetic effect. Wild Horses and Burros NP The proposed treatment area is not located in an active herd management area; there will be no impacts to wild horses or burros. Areas with Wilderness Characteristics NP There are no Lands with Wilderness Characteristics designations within the Project Area. NI = Presen...”","Significance-framed"
"Decarbonization","EIS","Wind","United States Fish and Wildlife Service","Skookumchuck Wind Energy Project Proposed Habitat Conserv...","“This section describes visual resources, including scenic vistas or landforms of interest, the existing visual character and any sources of light or glare, and the location of sensitive receptors. Highway 12 (White Pass Scenic Byway) is located 16.1 kilometers (10 miles) from the proposed southernmost WTG. Existing sources of light and glare in and near the Project Area are limited. Minimal light and glare from forestry activities occurs within the Vail Tree Farm, and there are no buildings with exterior lights. This section describes visual resources, including scenic vistas or landforms o...”","Significance-framed"
"Fossil Fuel","EA","Coal","Bureau of Land Management","Warrior Met Coal Mining, LLC Mine No. 4 Expansion Coal Lease","“Together, they form the overall impression of an area referred to as the landscape character. Visual Resource Management (VRM) classifications are established for public lands so that visual resource values can be maintained through informed management decisions. The following VRM Class objectives from the BLM Handbook H-8410-1 were considered in conducting this assessment. • VRM Class I Objective. The level of change to the characteristic landscape should be very low and must not detract from the existing landscape character. • VRM Class II Objective. • VRM Class III Objective. Management ...”","Significance-framed"
"Fossil Fuel","EA","Land-based Oil & Gas","Bureau of Land Management","Midway Sunset; Monarch Master Development Plan","“The interim visual resource management objective of this project site is assigned as Class IV. Class IV management objectives allow for major modification of the landscape; as such, no visual contrast rating is needed for this project. Portions of the project area may be visible from Twenty Five Hill Road, the only public road near the project site, and from the City of Taft. The project area is likely to be visible from portions of the Urban Interface Recreation Management Zone (RMZ). Since the proposed action would not impact the visual resource management classification and is compliant ...”","Significance-framed"
"Fossil Fuel","EIS","Land-based Oil & Gas","Bureau of Land Management","Moab Master Leasing Plan","“(Visual Resource Management/Auditory Management/Resource Overview), Natural Soundscapes Description of Changes Location in MLP/FEIS Add text to acknowledge the importance of National Park Service viewsheds. (Visual Resource Management/Auditory Management/Resource Overview), Current Management Practices Add text to state: “A visual resource inventory (VRI) was conducted in 2011 for the BLM Moab Field Office. The area adjoining the Park on both the northern and eastern side of the Park was rated as VRI Class II based on scenic quality, the amount of use, and distance zones. The ratings were d...”","Mitigation-framed"
"Fossil Fuel","EIS","Pipeline","Corps of Engineers--Civil Works","Lake Ralph Hall Regional Water Supply Reservoir Project","“During construction of the proposed dam and embankment the viewshed of travelers along FM 1550, FM 904, and SH 34 would be affected as the construction would be visible from the roadway. After construction, the visual resource contrast rating for the Build Alternative would be ‘strong’. During construction of the proposed dam and embankment the viewshed of travelers along FM 1550, FM 904, and SH 34 would be affected as the construction would be visible from the roadway. After construction, the visual resource contrast rating for the Build Alternative would be ‘strong’. The viewshed consists...”","Significance-framed"
"Fossil Fuel","EIS","Pipeline","Department of Energy","Northern Lights 2023 Expansion Project","“The closest residential structure is about 725 feet from the existing aboveground facility with several trees on the residential property providing a natural vegetative screen of the site. However, given the remaining trees that would still be present within these areas, and the limited number of trees that would need to be cleared or trimmed, this would not result in a significant change in the overall viewshed of sensitive viewers. While the addition of the building to the site would be permanent, it is not expected to have a significant impact on residents viewshed quality. The closest r...”","Mitigation-framed"
